Application,ProcessID,SwapChainAddress,Runtime,SyncInterval,PresentFlags,Dropped,TimeInSeconds,msInPresentAPI,msBetweenPresents,AllowsTearing,PresentMode,msUntilRenderComplete,msUntilDisplayed,msBetweenDisplayChange,WasBatched,DwmNotified
dwm.exe,1028,0x0000000003A62C00,DXGI,1,0,0,3.63627700000000,0.15310000000000,478.80360000000002,0,Hardware: Legacy Flip,0.17560000000000,5.87470000000000,478.80759999999998,0,0
dwm.exe,1028,0x0000000003A62C00,DXGI,1,0,0,3.93336670000000,0.23390000000000,297.08969999999999,0,Hardware: Legacy Flip,0.23100000000000,5.76980000000000,296.98480000000001,0,0
dwm.exe,1028,0x0000000003A62C00,DXGI,1,0,0,4.22412330000000,0.09870000000000,290.75659999999999,0,Hardware: Legacy Flip,0.16190000000000,5.93200000000000,290.91879999999998,0,0
dwm.exe,1028,0x0000000003A62C00,DXGI,1,0,0,4.75756090000000,0.18730000000000,533.43759999999997,0,Hardware: Legacy Flip,0.19400000000000,5.85240000000000,533.35799999999995,0,0
dwm.exe,1028,0x0000000003A62C00,DXGI,1,0,0,4.93931640000000,0.20690000000000,181.75549999999998,0,Hardware: Legacy Flip,0.18010000000000,5.92350000000000,181.82660000000001,0,0
